Time,NoBlobs,Evolution_time,Circulation
0.02,469460,467.5348179129942,-1.9331998593849369
0.04,476524,273.3625926840032,-1.9331998529901622
0.06,484415,281.5006465299957,-1.933199859262524
